{"cameraMode":{"drawMode":0,"name":"Shaded","section":"Shading Mode"},"sceneLighting":true,"audioPlay":false,"sceneViewState":{"showFog":true,"showMaterialUpdate":false,"showSkybox":true,"showFlares":true,"showImageEffects":true,"showParticleSystems":true},"in2DMode":false,"pivot":{"x":7.532275199890137,"y":-2.4746949672698976,"z":-135.90927124023438},"rotation":{"x":0.12758466601371766,"y":0.8023765683174133,"z":-0.18517528474330903,"w":0.552832841873169},"size":14.87600326538086,"orthographic":false}